<?xml version="1.0" encoding="UTF-8"?>
<project name="module_speedtest1" default="compile.module.speedtest1">
  <dirname property="module.speedtest1.basedir" file="${ant.file.module_speedtest1}"/>
  
  <property name="module.jdk.home.speedtest1" value="${project.jdk.home}"/>
  <property name="module.jdk.bin.speedtest1" value="${project.jdk.bin}"/>
  <property name="module.jdk.classpath.speedtest1" value="${project.jdk.classpath}"/>
  
  <property name="compiler.args.speedtest1" value="${compiler.args}"/>
  
  <property name="speedtest1.output.dir" value="${module.speedtest1.basedir}/out/production/SpeedTest1"/>
  <property name="speedtest1.testoutput.dir" value="${module.speedtest1.basedir}/out/test/SpeedTest1"/>
  
  <path id="speedtest1.module.bootclasspath">
    <!-- Paths to be included in compilation bootclasspath -->
  </path>
  
  <path id="speedtest1.module.production.classpath">
    <path refid="${module.jdk.classpath.speedtest1}"/>
  </path>
  
  <path id="speedtest1.runtime.production.module.classpath">
    <pathelement location="${speedtest1.output.dir}"/>
  </path>
  
  <path id="speedtest1.module.classpath">
    <path refid="${module.jdk.classpath.speedtest1}"/>
    <pathelement location="${speedtest1.output.dir}"/>
  </path>
  
  <path id="speedtest1.runtime.module.classpath">
    <pathelement location="${speedtest1.testoutput.dir}"/>
    <pathelement location="${speedtest1.output.dir}"/>
  </path>
  
  
  <patternset id="excluded.from.module.speedtest1">
    <patternset refid="ignored.files"/>
  </patternset>
  
  <patternset id="excluded.from.compilation.speedtest1">
    <patternset refid="excluded.from.module.speedtest1"/>
  </patternset>
  
  <path id="speedtest1.module.sourcepath">
    <dirset dir="${module.speedtest1.basedir}">
      <include name="src"/>
    </dirset>
  </path>
  
  
  <target name="compile.module.speedtest1" depends="compile.module.speedtest1.production,compile.module.speedtest1.tests" description="Compile module SpeedTest1"/>
  
  <target name="compile.module.speedtest1.production" description="Compile module SpeedTest1; production classes">
    <mkdir dir="${speedtest1.output.dir}"/>
    <javac destdir="${speedtest1.output.dir}" debug="${compiler.debug}" nowarn="${compiler.generate.no.warnings}" memorymaximumsize="${compiler.max.memory}" fork="true" executable="${module.jdk.bin.speedtest1}/javac">
      <compilerarg line="${compiler.args.speedtest1}"/>
      <bootclasspath refid="speedtest1.module.bootclasspath"/>
      <classpath refid="speedtest1.module.production.classpath"/>
      <src refid="speedtest1.module.sourcepath"/>
      <patternset refid="excluded.from.compilation.speedtest1"/>
    </javac>
    
    <copy todir="${speedtest1.output.dir}">
      <fileset dir="${module.speedtest1.basedir}/src">
        <patternset refid="compiler.resources"/>
        <type type="file"/>
      </fileset>
    </copy>
  </target>
  
  <target name="compile.module.speedtest1.tests" depends="compile.module.speedtest1.production" description="compile module SpeedTest1; test classes" unless="skip.tests"/>
  
  <target name="clean.module.speedtest1" description="cleanup module">
    <delete dir="${speedtest1.output.dir}"/>
    <delete dir="${speedtest1.testoutput.dir}"/>
  </target>
</project>