<?xml version="1.0" encoding="UTF-8"?>
<project name="speedtest1" default="all">
  
  
  <property file="speedtest1.properties"/>
  <!-- Uncomment the following property if no tests compilation is needed -->
  <!-- 
  <property name="skip.tests" value="true"/>
   -->
  
  <!-- Compiler options -->
  
  <property name="compiler.debug" value="off"/>
  <property name="compiler.generate.no.warnings" value="off"/>
  <property name="compiler.args" value=""/>
  <property name="compiler.max.memory" value="256m"/>
  <patternset id="ignored.files">
    <exclude name="**/CVS/**"/>
    <exclude name="**/SCCS/**"/>
    <exclude name="**/RCS/**"/>
    <exclude name="**/rcs/**"/>
    <exclude name="**/.DS_Store/**"/>
    <exclude name="**/.svn/**"/>
    <exclude name="**/.pyc/**"/>
    <exclude name="**/.pyo/**"/>
    <exclude name="**/*.pyc/**"/>
    <exclude name="**/*.pyo/**"/>
    <exclude name="**/.git/**"/>
    <exclude name="**/*.hprof/**"/>
    <exclude name="**/_svn/**"/>
    <exclude name="**/.hg/**"/>
    <exclude name="**/*.lib/**"/>
    <exclude name="**/*~/**"/>
    <exclude name="**/__pycache__/**"/>
    <exclude name="**/.bundle/**"/>
    <exclude name="**/*.rbc/**"/>
    <exclude name="**/vssver.scc/**"/>
    <exclude name="**/vssver2.scc/**"/>
  </patternset>
  <patternset id="library.patterns">
    <include name="*.war"/>
    <include name="*.ear"/>
    <include name="*.apk"/>
    <include name="*.zip"/>
    <include name="*.swc"/>
    <include name="*.ane"/>
    <include name="*.egg"/>
    <include name="*.jar"/>
  </patternset>
  <patternset id="compiler.resources">
    <exclude name="**/?*.java"/>
    <exclude name="**/?*.form"/>
    <exclude name="**/?*.class"/>
    <exclude name="**/?*.groovy"/>
    <exclude name="**/?*.scala"/>
    <exclude name="**/?*.flex"/>
    <exclude name="**/?*.kt"/>
    <exclude name="**/?*.clj"/>
  </patternset>
  
  <!-- JDK definitions -->
  
  <property name="jdk.bin.1.6" value="${jdk.home.1.6}/bin"/>
  <path id="jdk.classpath.1.6">
    <fileset dir="${jdk.home.1.6}">
      <include name="jre/lib/charsets.jar"/>
      <include name="jre/lib/deploy.jar"/>
      <include name="jre/lib/javaws.jar"/>
      <include name="jre/lib/jce.jar"/>
      <include name="jre/lib/jsse.jar"/>
      <include name="jre/lib/management-agent.jar"/>
      <include name="jre/lib/plugin.jar"/>
      <include name="jre/lib/resources.jar"/>
      <include name="jre/lib/rt.jar"/>
      <include name="jre/lib/ext/dnsns.jar"/>
      <include name="jre/lib/ext/localedata.jar"/>
      <include name="jre/lib/ext/sunjce_provider.jar"/>
      <include name="jre/lib/ext/sunmscapi.jar"/>
    </fileset>
  </path>
  
  <property name="project.jdk.home" value="${jdk.home.1.6}"/>
  <property name="project.jdk.bin" value="${jdk.bin.1.6}"/>
  <property name="project.jdk.classpath" value="jdk.classpath.1.6"/>
  
  <!-- Modules -->
  
  <import file="${basedir}/module_speedtest1.xml"/>
  
  <target name="init" description="Build initialization">
    <!-- Perform any build initialization in this target -->
  </target>
  
  <target name="clean" depends="clean.module.speedtest1" description="cleanup all"/>
  
  <target name="build.modules" depends="init, clean, compile.module.speedtest1" description="build all modules"/>
  
  <target name="init.artifacts">
    <property name="artifacts.temp.dir" value="${basedir}/__artifacts_temp"/>
    <property name="artifact.output.speedtest1:jar" value="${basedir}/out/artifacts/SpeedTest1_jar"/>
    <mkdir dir="${artifacts.temp.dir}"/>
    <property name="temp.jar.path.SpeedTest1.jar" value="${artifacts.temp.dir}/SpeedTest1.jar"/>
  </target>
  
  <target name="artifact.speedtest1:jar" depends="init.artifacts, compile.module.speedtest1" description="Build &#39;SpeedTest1:jar&#39; artifact">
    <property name="artifact.temp.output.speedtest1:jar" value="${artifacts.temp.dir}/SpeedTest1_jar"/>
    <mkdir dir="${artifact.temp.output.speedtest1:jar}"/>
    <jar destfile="${temp.jar.path.SpeedTest1.jar}" duplicate="preserve" filesetmanifest="mergewithoutmain">
      <zipfileset dir="${speedtest1.output.dir}"/>
    </jar>
    <copy file="${temp.jar.path.SpeedTest1.jar}" tofile="${artifact.temp.output.speedtest1:jar}/SpeedTest1.jar"/>
  </target>
  
  <target name="build.all.artifacts" depends="artifact.speedtest1:jar" description="Build all artifacts">
    <mkdir dir="${artifact.output.speedtest1:jar}"/>
    <copy todir="${artifact.output.speedtest1:jar}">
      <fileset dir="${artifact.temp.output.speedtest1:jar}"/>
    </copy>
    
    <!-- Delete temporary files -->
    <delete dir="${artifacts.temp.dir}"/>
  </target>
  
  <target name="all" depends="build.modules, build.all.artifacts" description="build all"/>
</project>